,x1,x2,y_oakface,y_clybrkcm,y_distd_wn,x2,y_sndpgaz1
599,3.33522,2998.3,0.972906,0.616606,,2998.3,0.840829
598,3.33952,2994.44,0.969277,0.624745,,2994.44,0.840267
597,3.34383,2990.58,0.973086,0.628873,,2990.58,0.845934
596,3.34815,2986.72,0.972659,0.627793,,2986.72,0.840304
595,3.35248,2982.86,0.972688,0.624667,,2982.86,0.837362
594,3.35682,2979.0,0.972608,0.615581,,2979.0,0.839593
593,3.36118,2975.15,0.97303,0.627033,,2975.15,0.840366
592,3.36554,2971.29,0.972172,0.621763,,2971.29,0.832018
591,3.36992,2967.43,0.975593,0.618593,,2967.43,0.836486
590,3.37431,2963.57,0.975956,0.623152,,2963.57,0.836226
589,3.37871,2959.71,0.97539,0.623884,,2959.71,0.83242
588,3.38312,2955.85,0.970869,0.610956,,2955.85,0.825449
587,3.38754,2951.99,0.968529,0.618019,,2951.99,0.82218
586,3.39197,2948.13,0.973836,0.60868,,2948.13,0.815365
585,3.39642,2944.28,0.974037,0.613218,,2944.28,0.817454
584,3.40088,2940.42,0.970301,0.616015,,2940.42,0.819402
583,3.40535,2936.56,0.973216,0.614052,,2936.56,0.812176
582,3.40983,2932.7,0.968711,0.619737,,2932.7,0.821615
581,3.41432,2928.84,0.969425,0.620779,,2928.84,0.816339
580,3.41882,2924.98,0.966722,0.62865,,2924.98,0.817195
579,3.42334,2921.12,0.963688,0.623483,,2921.12,0.814606
578,3.42787,2917.26,0.95146,0.609323,,2917.26,0.810631
577,3.43241,2913.4,0.949487,0.616087,,2913.4,0.813306
576,3.43696,2909.55,0.951861,0.606404,,2909.55,0.804021
575,3.44152,2905.69,0.955995,0.59895,,2905.69,0.794323
574,3.4461,2901.83,0.957925,0.59566,,2901.83,0.790939
573,3.45069,2897.97,0.962051,0.582732,,2897.97,0.786373
572,3.45529,2894.11,0.96212,0.586782,,2894.11,0.782751
571,3.4599,2890.25,0.960037,0.587143,,2890.25,0.785643
570,3.46453,2886.39,0.964687,0.581174,,2886.39,0.783458
569,3.46917,2882.53,0.963074,0.579363,,2882.53,0.779839
568,3.47382,2878.68,0.966577,0.579996,,2878.68,0.782372
567,3.47848,2874.82,0.968868,0.576247,,2874.82,0.772708
566,3.48316,2870.96,0.967292,0.578173,,2870.96,0.769852
565,3.48784,2867.1,0.967695,0.57508,,2867.1,0.764099
564,3.49254,2863.24,0.967737,0.570992,,2863.24,0.766957
563,3.49726,2859.38,0.965514,0.578028,,2859.38,0.767423
562,3.50198,2855.52,0.969908,0.583157,,2855.52,0.766853
561,3.50672,2851.66,0.961947,0.573124,,2851.66,0.76203
560,3.51147,2847.8,0.958326,0.569193,,2847.8,0.755152
559,3.51624,2843.95,0.958578,0.570039,,2843.95,0.755879
558,3.52102,2840.09,0.960361,0.556949,,2840.09,0.742146
557,3.52581,2836.23,0.956549,0.550391,,2836.23,0.740284
556,3.53061,2832.37,0.959184,0.551007,,2832.37,0.739103
555,3.53543,2828.51,0.961565,0.545205,,2828.51,0.730993
554,3.54026,2824.65,0.963088,0.545846,,2824.65,0.727364
553,3.5451,2820.79,0.964366,0.537824,,2820.79,0.728097
552,3.54996,2816.93,0.962679,0.54261,,2816.93,0.724261
551,3.55483,2813.08,0.965653,0.535084,,2813.08,0.72819
550,3.55971,2809.22,0.964721,0.537837,,2809.22,0.723236
549,3.56461,2805.36,0.965003,0.540164,,2805.36,0.722114
548,3.56952,2801.5,0.964335,0.536598,,2801.5,0.719109
547,3.57444,2797.64,0.9648,0.538106,,2797.64,0.726136
546,3.57938,2793.78,0.964189,0.543153,,2793.78,0.727536
545,3.58433,2789.92,0.963986,0.54674,,2789.92,0.723602
544,3.58929,2786.06,0.966072,0.540892,,2786.06,0.720942
543,3.59427,2782.21,0.967565,0.540826,,2782.21,0.720812
542,3.59926,2778.35,0.966928,0.53968,,2778.35,0.715027
541,3.60427,2774.49,0.966139,0.540124,,2774.49,0.719699
540,3.60929,2770.63,0.967473,0.542424,,2770.63,0.718726
539,3.61432,2766.77,0.968037,0.538793,,2766.77,0.712252
538,3.61937,2762.91,0.968175,0.531234,,2762.91,0.710486
537,3.62443,2759.05,0.969445,0.529994,,2759.05,0.707488
536,3.62951,2755.19,0.966555,0.532403,,2755.19,0.706665
535,3.6346,2751.33,0.966032,0.5287,,2751.33,0.709645
534,3.6397,2747.48,0.968412,0.527133,,2747.48,0.70351
533,3.64482,2743.62,0.968755,0.529249,,2743.62,0.702141
532,3.64995,2739.76,0.970371,0.530453,,2739.76,0.703504
531,3.6551,2735.9,0.964762,0.534466,,2735.9,0.705699
530,3.66027,2732.04,0.965892,0.531653,0.974703,2732.04,0.710034
529,3.66544,2728.18,0.965664,0.525966,0.974765,2728.18,0.703811
528,3.67063,2724.32,0.968696,0.527477,0.974827,2724.32,0.709377
527,3.67584,2720.46,0.968435,0.521157,0.97489,2720.46,0.712296
526,3.68106,2716.61,0.968742,0.522885,0.974952,2716.61,0.712082
525,3.6863,2712.75,0.966988,0.518449,0.975016,2712.75,0.711865
524,3.69155,2708.89,0.966608,0.52169,0.975079,2708.89,0.714373
523,3.69682,2705.03,0.966291,0.519798,0.975142,2705.03,0.716015
522,3.7021,2701.17,0.968713,0.519686,0.975204,2701.17,0.720406
521,3.70739,2697.31,0.966932,0.514449,0.975265,2697.31,0.721435
520,3.7127,2693.45,0.966011,0.517053,0.975326,2693.45,0.727778
519,3.71803,2689.59,0.969604,0.517875,0.975387,2689.59,0.733856
518,3.72337,2685.73,0.969265,0.518086,0.97545,2685.73,0.728859
517,3.72873,2681.88,0.966165,0.521127,0.975515,2681.88,0.734673
516,3.7341,2678.02,0.967743,0.520017,0.975579,2678.02,0.739165
515,3.73949,2674.16,0.966809,0.520647,0.975643,2674.16,0.736254
514,3.7449,2670.3,0.968802,0.520699,0.975703,2670.3,0.739962
513,3.75032,2666.44,0.97003,0.521655,0.975762,2666.44,0.741202
512,3.75575,2662.58,0.966822,0.52146,0.975822,2662.58,0.74235
511,3.7612,2658.72,0.965086,0.523158,0.975882,2658.72,0.742415
510,3.76667,2654.86,0.965551,0.522885,0.975943,2654.86,0.734543
509,3.77215,2651.01,0.964423,0.521792,0.976004,2651.01,0.7362
508,3.77765,2647.15,0.966312,0.522714,0.976064,2647.15,0.73237
507,3.78316,2643.29,0.966006,0.522902,0.976121,2643.29,0.730117
506,3.7887,2639.43,0.966297,0.518947,0.976176,2639.43,0.725563
505,3.79424,2635.57,0.963989,0.525144,0.976231,2635.57,0.728509
504,3.79981,2631.71,0.962331,0.517932,0.976286,2631.71,0.725781
503,3.80539,2627.85,0.96468,0.523615,0.976336,2627.85,0.725284
502,3.81098,2623.99,0.965273,0.522828,0.976387,2623.99,0.731481
501,3.8166,2620.13,0.96748,0.52384,0.976438,2620.13,0.733377
500,3.82222,2616.28,0.966004,0.518683,0.976485,2616.28,0.730674
499,3.82787,2612.42,0.96668,0.527912,0.97653,2612.42,0.738817
498,3.83353,2608.56,0.963603,0.526032,0.976575,2608.56,0.734663
497,3.83921,2604.7,0.963501,0.521496,0.97662,2604.7,0.739195
496,3.84491,2600.84,0.964456,0.520937,0.976663,2600.84,0.73977
495,3.85062,2596.98,0.962053,0.522361,0.976706,2596.98,0.744075
494,3.85635,2593.12,0.965602,0.523432,0.976749,2593.12,0.7481
493,3.8621,2589.26,0.967018,0.528523,0.976791,2589.26,0.74675
492,3.86786,2585.41,0.965416,0.525175,0.976831,2585.41,0.741444
491,3.87364,2581.55,0.962706,0.525797,0.976872,2581.55,0.742518
490,3.87944,2577.69,0.964323,0.525959,0.976912,2577.69,0.740887
489,3.88526,2573.83,0.965956,0.523781,0.97695,2573.83,0.739441
488,3.89109,2569.97,0.965815,0.519356,0.976988,2569.97,0.735435
487,3.89694,2566.11,0.9645,0.520061,0.977026,2566.11,0.733742
486,3.90281,2562.25,0.966904,0.525248,0.977066,2562.25,0.735553
485,3.9087,2558.39,0.96449,0.522163,0.977108,2558.39,0.732326
484,3.9146,2554.53,0.964964,0.525228,0.977149,2554.53,0.734828
483,3.92053,2550.68,0.965433,0.5237,0.97719,2550.68,0.737742
482,3.92647,2546.82,0.964617,0.525371,0.977232,2546.82,0.736958
481,3.93242,2542.96,0.965824,0.524837,0.977273,2542.96,0.74112
480,3.9384,2539.1,0.963692,0.529442,0.977315,2539.1,0.744445
479,3.9444,2535.24,0.962688,0.531554,0.977354,2535.24,0.7483
478,3.95041,2531.38,0.963365,0.5298,0.977393,2531.38,0.750567
477,3.95644,2527.52,0.964203,0.528373,0.977433,2527.52,0.755592
476,3.96249,2523.66,0.963964,0.530975,0.97747,2523.66,0.759346
475,3.96856,2519.81,0.962502,0.53235,0.977507,2519.81,0.762734
474,3.97464,2515.95,0.963577,0.526649,0.977543,2515.95,0.757232
473,3.98075,2512.09,0.965189,0.535226,0.977581,2512.09,0.765651
472,3.98687,2508.23,0.963096,0.538372,0.977621,2508.23,0.771152
471,3.99302,2504.37,0.961627,0.539838,0.977661,2504.37,0.770316
470,3.99918,2500.51,0.961688,0.536308,0.977701,2500.51,0.769072
469,4.00536,2496.65,0.9635,0.536643,0.977735,2496.65,0.765635
468,4.01156,2492.79,0.961516,0.537844,0.977769,2492.79,0.767733
467,4.01778,2488.94,0.963747,0.538265,0.977803,2488.94,0.768095
466,4.02402,2485.08,0.9636,0.534359,0.977839,2485.08,0.764331
465,4.03028,2481.22,0.962745,0.532653,0.977877,2481.22,0.763773
464,4.03655,2477.36,0.962553,0.536027,0.977915,2477.36,0.766336
463,4.04285,2473.5,0.962592,0.536138,0.977951,2473.5,0.769345
462,4.04917,2469.64,0.963316,0.537673,0.977985,2469.64,0.763588
461,4.05551,2465.78,0.961241,0.535885,0.97802,2465.78,0.761714
460,4.06186,2461.92,0.962079,0.536702,0.978054,2461.92,0.763998
459,4.06824,2458.06,0.963257,0.534197,0.978086,2458.06,0.760829
458,4.07464,2454.21,0.961091,0.53573,0.978118,2454.21,0.759101
457,4.08105,2450.35,0.96244,0.535156,0.978149,2450.35,0.765368
456,4.08749,2446.49,0.96412,0.538425,0.978178,2446.49,0.7689
455,4.09395,2442.63,0.963321,0.542607,0.978207,2442.63,0.76858
454,4.10042,2438.77,0.961566,0.541759,0.978236,2438.77,0.774771
453,4.10692,2434.91,0.962796,0.542562,0.978265,2434.91,0.777808
452,4.11344,2431.05,0.959923,0.541489,0.978294,2431.05,0.784528
451,4.11998,2427.19,0.963167,0.547437,0.978323,2427.19,0.786694
450,4.12654,2423.34,0.962456,0.545374,0.97835,2423.34,0.78862
449,4.13312,2419.48,0.960087,0.550437,0.978376,2419.48,0.794863
448,4.13973,2415.62,0.960699,0.550044,0.978403,2415.62,0.800921
447,4.14635,2411.76,0.96037,0.549633,0.978433,2411.76,0.805073
446,4.15299,2407.9,0.960089,0.547887,0.978463,2407.9,0.805451
445,4.15966,2404.04,0.959882,0.545578,0.978492,2404.04,0.806033
444,4.16635,2400.18,0.958789,0.550892,0.978519,2400.18,0.812513
443,4.17306,2396.32,0.957581,0.546539,0.978546,2396.32,0.811094
442,4.17979,2392.46,0.961336,0.545024,0.978573,2392.46,0.808808
441,4.18654,2388.61,0.961834,0.548148,0.978604,2388.61,0.813588
440,4.19331,2384.75,0.964325,0.544867,0.978634,2384.75,0.811864
439,4.20011,2380.89,0.963446,0.539441,0.978664,2380.89,0.813713
438,4.20693,2377.03,0.962072,0.536875,0.978691,2377.03,0.811537
437,4.21377,2373.17,0.957386,0.53609,0.978719,2373.17,0.804218
436,4.22063,2369.31,0.961406,0.530221,0.978747,2369.31,0.803242
435,4.22752,2365.45,0.959557,0.517841,0.978778,2365.45,0.802461
434,4.23443,2361.59,0.960743,0.518356,0.978809,2361.59,0.797811
433,4.24136,2357.74,0.959405,0.51652,0.978839,2357.74,0.799344
432,4.24831,2353.88,0.958791,0.523395,0.978867,2353.88,0.805541
431,4.25528,2350.02,0.961689,0.531936,0.978895,2350.02,0.804544
430,4.26228,2346.16,0.962232,0.523067,0.978923,2346.16,0.806743
429,4.2693,2342.3,0.957686,0.517381,0.978951,2342.3,0.803586
428,4.27635,2338.44,0.969824,0.529088,0.978979,2338.44,0.812747
427,4.28342,2334.58,0.962535,0.5225,0.97901,2334.58,0.813828
426,4.29051,2330.72,0.960375,0.527827,0.979041,2330.72,0.805486
425,4.29763,2326.86,0.959094,0.533223,0.979073,2326.86,0.805205
424,4.30476,2323.01,0.957973,0.554239,0.979103,2323.01,0.815138
423,4.31193,2319.15,0.956309,0.556358,0.979132,2319.15,0.822061
422,4.31911,2315.29,0.959663,0.572301,0.979161,2315.29,0.825485
421,4.32632,2311.43,0.956363,0.577546,0.979197,2311.43,0.830751
420,4.33356,2307.57,0.9595,0.584427,0.979233,2307.57,0.831421
419,4.34082,2303.71,0.957776,0.593035,0.979268,2303.71,0.839621
418,4.3481,2299.85,0.960354,0.603983,0.979301,2299.85,0.841389
417,4.35541,2295.99,0.958082,0.613082,0.979333,2295.99,0.848807
416,4.36274,2292.14,0.96,0.618175,0.979365,2292.14,0.855723
415,4.3701,2288.28,0.959561,0.622568,0.979394,2288.28,0.859879
414,4.37748,2284.42,0.958461,0.628382,0.979424,2284.42,0.869452
413,4.38489,2280.56,0.958561,0.635622,0.979448,2280.56,0.87515
412,4.39232,2276.7,0.960742,0.639417,0.97947,2276.7,0.881183
411,4.39978,2272.84,0.960195,0.642761,0.979492,2272.84,0.887806
410,4.40726,2268.98,0.961191,0.65084,0.979511,2268.98,0.894188
409,4.41477,2265.12,0.959795,0.653254,0.979529,2265.12,0.898429
408,4.4223,2261.26,0.959294,0.660413,0.979547,2261.26,0.903995
407,4.42986,2257.41,0.961677,0.662666,0.979562,2257.41,0.911043
406,4.43745,2253.55,0.960112,0.668048,0.979577,2253.55,0.914377
405,4.44506,2249.69,0.962757,0.67016,0.979592,2249.69,0.914354
404,4.45269,2245.83,0.96099,0.675806,0.979607,2245.83,0.91879
403,4.46036,2241.97,0.96063,0.678896,0.979622,2241.97,0.922323
402,4.46805,2238.11,0.960361,0.67727,0.979633,2238.11,0.924478
401,4.47577,2234.25,0.959337,0.68112,0.979645,2234.25,0.925022
400,4.48351,2230.39,0.960415,0.683701,0.979659,2230.39,0.925311
399,4.49128,2226.54,0.961325,0.684448,0.979675,2226.54,0.9243
398,4.49908,2222.68,0.962606,0.682008,0.97969,2222.68,0.921086
397,4.5069,2218.82,0.961736,0.681744,0.97971,2218.82,0.915331
396,4.51475,2214.96,0.961,0.682751,0.979729,2214.96,0.910608
395,4.52263,2211.1,0.961516,0.677802,0.979749,2211.1,0.901415
394,4.53054,2207.24,0.962109,0.67854,0.979769,2207.24,0.893967
393,4.53847,2203.38,0.962096,0.676364,0.979789,2203.38,0.888914
392,4.54644,2199.52,0.961986,0.680463,0.979809,2199.52,0.8794
391,4.55443,2195.67,0.961546,0.683719,0.979828,2195.67,0.875083
390,4.56244,2191.81,0.961518,0.681835,0.979847,2191.81,0.868916
389,4.57049,2187.95,0.962815,0.685644,0.979863,2187.95,0.864728
388,4.57857,2184.09,0.962568,0.690972,0.979879,2184.09,0.862958
387,4.58667,2180.23,0.96397,0.689169,0.979884,2180.23,0.862654
386,4.5948,2176.37,0.961775,0.692344,0.979888,2176.37,0.863423
385,4.60296,2172.51,0.964431,0.69314,0.97989,2172.51,0.866383
384,4.61115,2168.65,0.963637,0.694877,0.97989,2168.65,0.869251
383,4.61937,2164.79,0.963061,0.70152,0.97989,2164.79,0.87278
382,4.62762,2160.94,0.962615,0.705722,0.97989,2160.94,0.880611
381,4.6359,2157.08,0.96491,0.706984,0.97989,2157.08,0.886264
380,4.64421,2153.22,0.965336,0.711508,0.97989,2153.22,0.893229
379,4.65255,2149.36,0.964229,0.713256,0.97989,2149.36,0.900047
378,4.66091,2145.5,0.965125,0.714352,0.97989,2145.5,0.903818
377,4.66931,2141.64,0.964866,0.719225,0.97989,2141.64,0.908938
376,4.67774,2137.78,0.963943,0.725762,0.97989,2137.78,0.913868
375,4.6862,2133.92,0.964659,0.727004,0.97989,2133.92,0.917821
374,4.69469,2130.07,0.964793,0.730008,0.97989,2130.07,0.919962
373,4.70321,2126.21,0.964787,0.730533,0.97989,2126.21,0.916
372,4.71176,2122.35,0.965595,0.731224,0.97989,2122.35,0.913408
371,4.72034,2118.49,0.963802,0.73262,0.97989,2118.49,0.911434
370,4.72896,2114.63,0.963771,0.734052,0.97989,2114.63,0.907086
369,4.7376,2110.77,0.965056,0.735544,0.97989,2110.77,0.908676
368,4.74628,2106.91,0.96505,0.737877,0.97989,2106.91,0.90964
367,4.75499,2103.05,0.965402,0.737078,0.97989,2103.05,0.910112
366,4.76373,2099.19,0.964517,0.739012,0.97989,2099.19,0.913204
365,4.7725,2095.34,0.963714,0.74131,0.97989,2095.34,0.913363
364,4.78131,2091.48,0.964986,0.741494,0.97989,2091.48,0.915754
363,4.79014,2087.62,0.965048,0.745302,0.97989,2087.62,0.917944
362,4.79902,2083.76,0.962477,0.74758,0.97989,2083.76,0.922365
361,4.80792,2079.9,0.96342,0.749377,0.979894,2079.9,0.926197
360,4.81686,2076.04,0.963747,0.751036,0.979899,2076.04,0.926122
359,4.82583,2072.18,0.962836,0.75985,0.979914,2072.18,0.933331
358,4.83483,2068.32,0.963983,0.759792,0.979932,2068.32,0.935376
357,4.84387,2064.47,0.962516,0.767832,0.97995,2064.47,0.943162
356,4.85294,2060.61,0.96239,0.771391,0.979968,2060.61,0.948467
355,4.86204,2056.75,0.964883,0.77693,0.979989,2056.75,0.950847
354,4.87118,2052.89,0.965134,0.783827,0.980017,2052.89,0.954236
353,4.88035,2049.03,0.96422,0.792438,0.980044,2049.03,0.960069
352,4.88956,2045.17,0.96436,0.798083,0.980072,2045.17,0.964448
351,4.89881,2041.31,0.963522,0.800453,0.9801,2041.31,0.967938
350,4.90808,2037.45,0.966353,0.81002,0.980132,2037.45,0.969887
349,4.9174,2033.59,0.961983,0.816206,0.980165,2033.59,0.972292
348,4.92675,2029.74,0.961094,0.823808,0.980193,2029.74,0.975748
347,4.93613,2025.88,0.963167,0.828754,0.980221,2025.88,0.973849
346,4.94555,2022.02,0.962491,0.830243,0.980253,2022.02,0.974372
345,4.95501,2018.16,0.960993,0.835594,0.980286,2018.16,0.976736
344,4.9645,2014.3,0.961554,0.83771,0.980317,2014.3,0.976551
343,4.97403,2010.44,0.96158,0.844187,0.980345,2010.44,0.979651
342,4.98359,2006.58,0.962409,0.84889,0.980374,2006.58,0.9803
341,4.9932,2002.72,0.962088,0.853631,0.980403,2002.72,0.980355
340,5.00283,1998.87,0.961935,0.856386,0.980432,1998.87,0.980123
339,5.01251,1995.01,0.961753,0.857268,0.980461,1995.01,0.979493
338,5.02223,1991.15,0.962516,0.859154,0.98049,1991.15,0.979966
337,5.03198,1987.29,0.961578,0.858474,0.980519,1987.29,0.979152
336,5.04177,1983.43,0.962001,0.860118,0.980549,1983.43,0.978796
335,5.0516,1979.57,0.960359,0.86268,0.980578,1979.57,0.979812
334,5.06146,1975.71,0.9619,0.861839,0.980607,1975.71,0.979782
333,5.07137,1971.85,0.961355,0.863979,0.980638,1971.85,0.978157
332,5.08131,1967.99,0.962709,0.862832,0.98067,1967.99,0.980995
331,5.09129,1964.14,0.960857,0.862628,0.98071,1964.14,0.979422
330,5.10132,1960.28,0.96096,0.864116,0.980749,1960.28,0.980265
329,5.11138,1956.42,0.961682,0.864291,0.98079,1956.42,0.981232
328,5.12148,1952.56,0.96182,0.864284,0.980835,1952.56,0.980288
327,5.13162,1948.7,0.960544,0.867045,0.98089,1948.7,0.981155
326,5.1418,1944.84,0.960595,0.867555,0.980946,1944.84,0.980215
325,5.15202,1940.98,0.961088,0.86767,0.981002,1940.98,0.978789
324,5.16229,1937.12,0.961476,0.870445,0.981058,1937.12,0.979848
323,5.17259,1933.27,0.960493,0.870653,0.981116,1933.27,0.982898
322,5.18294,1929.41,0.960404,0.873653,0.981171,1929.41,0.981447
321,5.19332,1925.55,0.960156,0.876823,0.981222,1925.55,0.981013
320,5.20375,1921.69,0.96051,0.877193,0.981274,1921.69,0.979468
319,5.21422,1917.83,0.958854,0.875447,0.981327,1917.83,0.98055
318,5.22473,1913.97,0.959529,0.880069,0.981379,1913.97,0.981571
317,5.23529,1910.11,0.959089,0.883551,0.981432,1910.11,0.983215
316,5.24589,1906.25,0.960636,0.885419,0.981485,1906.25,0.980265
315,5.25653,1902.4,0.961635,0.889846,0.981538,1902.4,0.981454
314,5.26721,1898.54,0.961104,0.892731,0.981592,1898.54,0.984192
313,5.27794,1894.68,0.961107,0.89517,0.981645,1894.68,0.986658
312,5.28871,1890.82,0.95909,0.897323,0.981704,1890.82,0.985248
311,5.29953,1886.96,0.959833,0.900908,0.981764,1886.96,0.987194
310,5.31039,1883.1,0.960888,0.902757,0.981835,1883.1,0.982489
309,5.32129,1879.24,0.960695,0.905131,0.981908,1879.24,0.987346
308,5.33224,1875.38,0.960459,0.905176,0.981984,1875.38,0.986127
307,5.34323,1871.52,0.959177,0.905669,0.98206,1871.52,0.987131
306,5.35427,1867.67,0.957455,0.904371,0.982138,1867.67,0.988145
305,5.36536,1863.81,0.960941,0.904889,0.982219,1863.81,0.986772
304,5.37649,1859.95,0.960878,0.904324,0.982303,1859.95,0.988346
303,5.38767,1856.09,0.961575,0.904596,0.982382,1856.09,0.986507
302,5.39889,1852.23,0.962924,0.900468,0.98246,1852.23,0.985145
301,5.41016,1848.37,0.961384,0.895478,0.98254,1848.37,0.984623
300,5.42148,1844.51,0.958628,0.893804,0.982619,1844.51,0.983216
299,5.43285,1840.65,0.963593,0.890226,0.982699,1840.65,0.982304
298,5.44426,1836.8,0.964058,0.886883,0.982779,1836.8,0.983742
297,5.45572,1832.94,0.964479,0.888438,0.982859,1832.94,0.98376
296,5.46723,1829.08,0.961647,0.882959,0.982936,1829.08,0.981375
295,5.47879,1825.22,0.960535,0.880415,0.983011,1825.22,0.985768
294,5.4904,1821.36,0.965096,0.883336,0.983091,1821.36,0.982594
293,5.50206,1817.5,0.966266,0.8887,0.983174,1817.5,0.984071
292,5.51376,1813.64,0.967015,0.891423,0.983261,1813.64,0.984194
291,5.52552,1809.78,0.967796,0.893315,0.983353,1809.78,0.985727
290,5.53733,1805.92,0.968959,0.896175,0.983448,1805.92,0.987167
289,5.54918,1802.07,0.968909,0.899865,0.983553,1802.07,0.984942
288,5.56109,1798.21,0.96713,0.901699,0.98366,1798.21,0.987946
287,5.57305,1794.35,0.966149,0.900861,0.983769,1794.35,0.989483
286,5.58506,1790.49,0.970227,0.901157,0.983881,1790.49,0.989386
285,5.59712,1786.63,0.970549,0.902737,0.983994,1786.63,0.990046
284,5.60924,1782.77,0.970684,0.90275,0.984115,1782.77,0.987985
283,5.62141,1778.91,0.973214,0.90478,0.984236,1778.91,0.990508
282,5.63363,1775.05,0.972099,0.902985,0.984358,1775.05,0.990054
281,5.6459,1771.2,0.973394,0.900234,0.984488,1771.2,0.987228
280,5.65823,1767.34,0.973234,0.900746,0.984623,1767.34,0.987993
279,5.67061,1763.48,0.978763,0.900376,0.984765,1763.48,0.987297
278,5.68304,1759.62,0.975187,0.899236,0.984913,1759.62,0.987972
277,5.69553,1755.76,0.979048,0.899656,0.985068,1755.76,0.987446
276,5.70808,1751.9,0.977957,0.895066,0.985231,1751.9,0.987945
275,5.72068,1748.04,0.974722,0.894118,0.985396,1748.04,0.988517
274,5.73334,1744.18,0.977804,0.892485,0.985566,1744.18,0.990115
273,5.74605,1740.32,0.979439,0.896233,0.985732,1740.32,0.98983
272,5.75882,1736.47,0.977039,0.897054,0.985892,1736.47,0.987671
271,5.77164,1732.61,0.975611,0.896814,0.986053,1732.61,0.985697
270,5.78453,1728.75,0.978795,0.898784,0.986208,1728.75,0.987387
269,5.79747,1724.89,0.980382,0.899096,0.986356,1724.89,0.987906
268,5.81047,1721.03,0.978237,0.900196,0.986488,1721.03,0.989007
267,5.82352,1717.17,0.976316,0.900939,0.986614,1717.17,0.990535
266,5.83664,1713.31,0.976264,0.901466,0.986732,1713.31,0.991025
265,5.84982,1709.45,0.975945,0.904303,0.986827,1709.45,0.990212
264,5.86305,1705.6,0.976645,0.904929,0.986913,1705.6,0.991227
263,5.87635,1701.74,0.975053,0.905164,0.986986,1701.74,0.99665
262,5.8897,1697.88,0.972231,0.904988,0.987038,1697.88,0.993142
261,5.90312,1694.02,0.974393,0.907924,0.987052,1694.02,0.993296
260,5.91659,1690.16,0.97452,0.908648,0.986999,1690.16,0.987912
259,5.93013,1686.3,0.973298,0.914738,0.986795,1686.3,0.988822
258,5.94373,1682.44,0.972996,0.910715,0.986498,1682.44,0.99399
257,5.9574,1678.58,0.974834,0.914006,0.986098,1678.58,0.994798
256,5.97113,1674.72,0.973639,0.916856,0.985538,1674.72,0.990045
255,5.98492,1670.87,0.973188,0.914923,0.984875,1670.87,0.991202
254,5.99877,1667.01,0.973303,0.921651,0.98411,1667.01,0.987822
253,6.01269,1663.15,0.973744,0.920357,0.983162,1663.15,0.992724
252,6.02667,1659.29,0.974908,0.923878,0.982173,1659.29,0.989548
251,6.04072,1655.43,0.973178,0.920622,0.981155,1655.43,0.987719
250,6.05483,1651.57,0.968075,0.921532,0.980172,1651.57,0.987791
249,6.06901,1647.71,0.973216,0.926654,0.979295,1647.71,0.983229
248,6.08326,1643.85,0.971345,0.928014,0.978549,1643.85,0.986839
247,6.09757,1640.0,0.972317,0.929325,0.977993,1640.0,0.981858
246,6.11195,1636.14,0.97186,0.925729,0.977508,1636.14,0.984575
245,6.1264,1632.28,0.974234,0.928895,0.97699,1632.28,0.986767
244,6.14092,1628.42,0.974667,0.932368,0.97644,1628.42,0.984114
243,6.15551,1624.56,0.97422,0.932798,0.975908,1624.56,0.988143
242,6.17016,1620.7,0.971483,0.934327,0.975474,1620.7,0.983187
241,6.18489,1616.84,0.970607,0.934863,0.975176,1616.84,0.984905
240,6.19969,1612.98,0.971371,0.939982,0.975046,1612.98,0.986893
239,6.21455,1609.13,0.971776,0.938709,0.975128,1609.13,0.986958
238,6.22949,1605.27,0.971485,0.937873,0.975296,1605.27,0.986209
237,6.2445,1601.41,0.974083,0.938557,0.975521,1601.41,0.984525
236,6.25959,1597.55,0.974827,0.936078,0.975787,1597.55,0.982539
235,6.27474,1593.69,0.972812,0.937099,0.976067,1593.69,0.987011
234,6.28997,1589.83,0.971475,0.937274,0.976334,1589.83,0.988144
233,6.30528,1585.97,0.971965,0.933949,0.976577,1585.97,0.984166
232,6.32065,1582.11,0.971653,0.933989,0.976796,1582.11,0.98395
231,6.33611,1578.25,0.970461,0.92973,0.977012,1578.25,0.983109
230,6.35164,1574.4,0.969099,0.928918,0.977219,1574.4,0.979216
229,6.36724,1570.54,0.969584,0.925518,0.977413,1570.54,0.985214
228,6.38293,1566.68,0.970432,0.927929,0.977596,1566.68,0.985178
227,6.39869,1562.82,0.970742,0.923824,0.977773,1562.82,0.982049
226,6.41453,1558.96,0.965412,0.921466,0.977946,1558.96,0.982809
225,6.43044,1555.1,0.972906,0.9239,0.978113,1555.1,0.985278
224,6.44644,1551.24,0.973038,0.92402,0.978272,1551.24,0.984382
223,6.46251,1547.38,0.975319,0.920428,0.978424,1547.38,0.981025
222,6.47867,1543.53,0.971872,0.9134,0.978571,1543.53,0.978891
221,6.49491,1539.67,0.96509,0.916202,0.978684,1539.67,0.981446
220,6.51123,1535.81,0.969213,0.923613,0.978786,1535.81,0.982837
219,6.52763,1531.95,0.972068,0.927208,0.97888,1531.95,0.986381
218,6.54411,1528.09,0.971949,0.92804,0.978973,1528.09,0.986358
217,6.56068,1524.23,0.970387,0.92587,0.97907,1524.23,0.982609
216,6.57733,1520.37,0.969287,0.922755,0.979163,1520.37,0.98264
215,6.59407,1516.51,0.972111,0.928418,0.979255,1516.51,0.985615
214,6.61089,1512.65,0.974855,0.935578,0.979347,1512.65,0.985471
213,6.6278,1508.8,0.9732,0.930796,0.979445,1508.8,0.9877
212,6.64479,1504.94,0.969945,0.932628,0.979542,1504.94,0.990446
211,6.66187,1501.08,0.973934,0.93931,0.979629,1501.08,0.986402
210,6.67904,1497.22,0.97355,0.940927,0.979724,1497.22,0.985681
209,6.6963,1493.36,0.973916,0.945038,0.979818,1493.36,0.988986
208,6.71365,1489.5,0.97102,0.943561,0.979912,1489.5,0.986258
207,6.73109,1485.64,0.975074,0.943851,0.980002,1485.64,0.986629
206,6.74862,1481.78,0.975716,0.944936,0.980094,1481.78,0.986924
205,6.76624,1477.93,0.973124,0.94663,0.980192,1477.93,0.988191
204,6.78395,1474.07,0.97182,0.945506,0.980287,1474.07,0.98792
203,6.80175,1470.21,0.971855,0.948973,0.980372,1470.21,0.989916
202,6.81965,1466.35,0.973708,0.94646,0.980443,1466.35,0.990729
201,6.83765,1462.49,0.972086,0.950895,0.980506,1462.49,0.98995
200,6.85574,1458.63,0.972703,0.95134,0.980553,1458.63,0.987656
199,6.87392,1454.77,0.973412,0.952231,0.980598,1454.77,0.990574
198,6.8922,1450.91,0.973399,0.955545,0.98065,1450.91,0.991596
197,6.91058,1447.05,0.973255,0.955576,0.980718,1447.05,0.989834
196,6.92906,1443.2,0.974972,0.956283,0.980797,1443.2,0.988684
195,6.94764,1439.34,0.975837,0.954452,0.980881,1439.34,0.988657
194,6.96631,1435.48,0.975868,0.958996,0.980961,1435.48,0.989016
193,6.98509,1431.62,0.973888,0.958384,0.981033,1431.62,0.98989
192,7.00397,1427.76,0.974149,0.958784,0.981099,1427.76,0.988844
191,7.02295,1423.9,0.971378,0.960601,0.981166,1423.9,0.987851
190,7.04203,1420.04,0.971336,0.960383,0.98123,1420.04,0.98859
189,7.06122,1416.18,0.973779,0.962915,0.981288,1416.18,0.988153
188,7.08052,1412.33,0.97344,0.962078,0.981345,1412.33,0.990067
187,7.09991,1408.47,0.975481,0.960451,0.981393,1408.47,0.99041
186,7.11942,1404.61,0.974489,0.960502,0.981431,1404.61,0.985594
185,7.13903,1400.75,0.975374,0.961164,0.981471,1400.75,0.986942
184,7.15875,1396.89,0.975785,0.962418,0.98151,1396.89,0.985688
183,7.17858,1393.03,0.975286,0.963285,0.98155,1393.03,0.986658
182,7.19852,1389.17,0.976411,0.964371,0.98159,1389.17,0.988749
181,7.21858,1385.31,0.9763,0.964666,0.98165,1385.31,0.985347
180,7.23874,1381.45,0.977616,0.966905,0.981711,1381.45,0.985756
179,7.25902,1377.6,0.975387,0.967132,0.981772,1377.6,0.987506
178,7.27941,1373.74,0.975406,0.969796,0.981843,1373.74,0.984905
177,7.29991,1369.88,0.974737,0.970792,0.981893,1369.88,0.984708
176,7.32053,1366.02,0.975982,0.970771,0.981934,1366.02,0.981423
175,7.34127,1362.16,0.975464,0.971409,0.981975,1362.16,0.980083
174,7.36213,1358.3,0.974674,0.972067,0.982015,1358.3,0.982686
173,7.3831,1354.44,0.97627,0.97109,0.982052,1354.44,0.982605
172,7.4042,1350.58,0.976895,0.972178,0.982104,1350.58,0.981165
171,7.42541,1346.73,0.975756,0.972135,0.982161,1346.73,0.980925
170,7.44675,1342.87,0.975263,0.972837,0.982228,1342.87,0.981411
169,7.46821,1339.01,0.973801,0.974759,0.982299,1339.01,0.980005
168,7.48979,1335.15,0.97453,0.976974,0.982358,1335.15,0.979206
167,7.5115,1331.29,0.975509,0.975996,0.982412,1331.29,0.978938
166,7.53334,1327.43,0.975801,0.97498,0.982459,1327.43,0.979962
165,7.5553,1323.57,0.976294,0.975605,0.982494,1323.57,0.979143
164,7.57739,1319.71,0.976193,0.977913,0.982538,1319.71,0.977685
163,7.59961,1315.86,0.975277,0.978041,0.982582,1315.86,0.976909
162,7.62197,1312.0,0.976138,0.978752,0.982643,1312.0,0.974965
161,7.64445,1308.14,0.975506,0.980371,0.982718,1308.14,0.971675
160,7.66707,1304.28,0.976786,0.980911,0.982785,1304.28,0.974041
159,7.68982,1300.42,0.977155,0.982277,0.982849,1300.42,0.973516
158,7.7127,1296.56,0.978012,0.981636,0.982899,1296.56,0.971689
157,7.73573,1292.7,0.97762,0.982765,0.982944,1292.7,0.968033
156,7.75889,1288.84,0.976841,0.982847,0.982981,1288.84,0.966072
155,7.78219,1284.98,0.976215,0.982413,0.983019,1284.98,0.966901
154,7.80563,1281.13,0.978009,0.984421,0.983082,1281.13,0.965763
153,7.82921,1277.27,0.978299,0.983004,0.983153,1277.27,0.961749
152,7.85294,1273.41,0.978175,0.984707,0.983224,1273.41,0.958991
151,7.8768,1269.55,0.977308,0.984781,0.983286,1269.55,0.954945
150,7.90082,1265.69,0.978464,0.984796,0.983358,1265.69,0.949313
149,7.92498,1261.83,0.977431,0.984292,0.98343,1261.83,0.939923
148,7.94929,1257.97,0.9778,0.983918,0.983502,1257.97,0.929467
147,7.97375,1254.11,0.977224,0.98191,0.983568,1254.11,0.917344
146,7.99836,1250.26,0.977644,0.982227,0.983641,1250.26,0.905262
145,8.02312,1246.4,0.977183,0.978433,0.983701,1246.4,0.887606
144,8.04804,1242.54,0.977911,0.977862,0.983764,1242.54,0.870432
143,8.07311,1238.68,0.977109,0.9732,0.983819,1238.68,0.854176
142,8.09834,1234.82,0.977328,0.970864,0.98388,1234.82,0.832209
141,8.12373,1230.96,0.976588,0.970704,0.983941,1230.96,0.813229
140,8.14927,1227.1,0.976409,0.966699,0.983997,1227.1,0.789324
139,8.17498,1223.24,0.975776,0.964338,0.984053,1223.24,0.768631
138,8.20085,1219.38,0.975455,0.960865,0.984115,1219.38,0.751306
137,8.22688,1215.53,0.97599,0.958908,0.984171,1215.53,0.745867
136,8.25309,1211.67,0.97508,0.956874,0.984229,1211.67,0.740721
135,8.27945,1207.81,0.97553,0.954831,0.984293,1207.81,0.735749
134,8.30599,1203.95,0.973934,0.954655,0.98435,1203.95,0.73982
133,8.3327,1200.09,0.975226,0.95213,0.984409,1200.09,0.743368
132,8.35958,1196.23,0.974236,0.950257,0.984473,1196.23,0.750504
131,8.38663,1192.37,0.975482,0.952222,0.984541,1192.37,0.753888
130,8.41386,1188.51,0.973811,0.949229,0.984609,1188.51,0.762798
129,8.44127,1184.66,0.974357,0.949351,0.984679,1184.66,0.768317
128,8.46885,1180.8,0.97179,0.945722,0.984757,1180.8,0.774966
127,8.49662,1176.94,0.971583,0.945054,0.984835,1176.94,0.781428
126,8.52457,1173.08,0.972443,0.9441,0.984909,1173.08,0.783852
125,8.5527,1169.22,0.970899,0.943887,0.984993,1169.22,0.789286
124,8.58102,1165.36,0.971145,0.943196,0.985069,1165.36,0.797201
123,8.60953,1161.5,0.970657,0.944155,0.985147,1161.5,0.80844
122,8.63823,1157.64,0.970681,0.941051,0.985221,1157.64,0.819494
121,8.66712,1153.78,0.969754,0.940095,0.985302,1153.78,0.818177
120,8.6962,1149.93,0.970134,0.936745,0.985375,1149.93,0.809905
119,8.72548,1146.07,0.970027,0.934146,0.985451,1146.07,0.806307
118,8.75496,1142.21,0.970112,0.932123,0.985532,1142.21,0.797905
117,8.78464,1138.35,0.969276,0.93065,0.985616,1138.35,0.793431
116,8.81452,1134.49,0.9704,0.927388,0.985698,1134.49,0.788424
115,8.8446,1130.63,0.970455,0.92499,0.985789,1130.63,0.787093
114,8.87489,1126.77,0.970601,0.921705,0.98588,1126.77,0.786325
113,8.90539,1122.91,0.970427,0.916549,0.985981,1122.91,0.781768
112,8.9361,1119.06,0.969835,0.915384,0.986073,1119.06,0.779166
111,8.96702,1115.2,0.970435,0.912603,0.986176,1115.2,0.77376
110,8.99816,1111.34,0.969176,0.909158,0.986271,1111.34,0.771953
109,9.02951,1107.48,0.971794,0.906497,0.986363,1107.48,0.770946
108,9.06108,1103.62,0.970803,0.900336,0.986459,1103.62,0.766246
107,9.09287,1099.76,0.97054,0.898819,0.986555,1099.76,0.764627
106,9.12489,1095.9,0.968964,0.898463,0.986649,1095.9,0.761916
105,9.15713,1092.04,0.969436,0.894383,0.986748,1092.04,0.756727
104,9.18961,1088.18,0.970374,0.895487,0.986844,1088.18,0.753778
103,9.22231,1084.33,0.96842,0.897023,0.986943,1084.33,0.752999
102,9.25525,1080.47,0.969736,0.897182,0.987051,1080.47,0.751125
101,9.28842,1076.61,0.967822,0.90027,0.987155,1076.61,0.749404
100,9.32183,1072.75,0.969147,0.901548,0.987272,1072.75,0.748256
99,9.35548,1068.89,0.969257,0.905105,0.98739,1068.89,0.76046
98,9.38938,1065.03,0.969471,0.908102,0.987509,1065.03,0.77355
97,9.42352,1061.17,0.968257,0.910958,0.987675,1061.17,0.792496
96,9.45792,1057.31,0.969099,0.915342,0.987926,1057.31,0.806231
95,9.49256,1053.46,0.969632,0.917649,0.988238,1053.46,0.822109
94,9.52746,1049.6,0.969839,0.921357,0.988557,1049.6,0.835661
93,9.56262,1045.74,0.96836,0.923025,0.988838,1045.74,0.84748
92,9.59803,1041.88,0.968511,0.923442,0.989029,1041.88,0.852949
91,9.63371,1038.02,0.968471,0.923979,0.989088,1038.02,0.866789
90,9.66966,1034.16,0.968544,0.925236,0.989057,1034.16,0.871058
89,9.70588,1030.3,0.968188,0.925652,0.988984,1030.3,0.876438
88,9.74236,1026.44,0.968123,0.929184,0.988926,1026.44,0.883656
87,9.77913,1022.58,0.968536,0.927557,0.988931,1022.58,0.887252
86,9.81617,1018.73,0.968954,0.929244,0.989053,1018.73,0.892624
85,9.85349,1014.87,0.967595,0.929399,0.98919,1014.87,0.895315
84,9.8911,1011.01,0.967668,0.931071,0.989333,1011.01,0.898134
83,9.929,1007.15,0.967902,0.93289,0.989494,1007.15,0.902389
82,9.96719,1003.29,0.967863,0.933884,0.989667,1003.29,0.905652
81,10.0057,999.433,0.968534,0.936036,0.98985,999.433,0.910612
80,10.0444,995.574,0.969215,0.936058,0.990044,995.574,0.912724
79,10.0835,991.715,0.969181,0.935901,0.990237,991.715,0.916219
78,10.1229,987.857,0.969553,0.935948,0.990424,987.857,0.924643
77,10.1626,983.998,0.968923,0.936973,0.990603,983.998,0.926837
76,10.2026,980.139,0.968762,0.938578,0.990783,980.139,0.929822
75,10.243,976.28,0.968458,0.935836,0.990954,976.28,0.933917
74,10.2836,972.421,0.969261,0.936911,0.991124,972.421,0.935825
73,10.3246,968.562,0.969784,0.938478,0.991288,968.562,0.9392
72,10.3659,964.704,0.968906,0.937481,0.991453,964.704,0.94646
71,10.4075,960.845,0.96931,0.937668,0.991605,960.845,0.946621
70,10.4495,956.986,0.968599,0.938996,0.991752,956.986,0.949756
69,10.4918,953.127,0.969977,0.93996,0.9919,953.127,0.949849
68,10.5344,949.268,0.969541,0.94015,0.992031,949.268,0.953026
67,10.5774,945.41,0.9693,0.939083,0.99216,945.41,0.957449
66,10.6208,941.551,0.969483,0.939446,0.99228,941.551,0.955813
65,10.6645,937.692,0.969534,0.942166,0.992397,937.692,0.956222
64,10.7085,933.833,0.968712,0.941088,0.992502,933.833,0.959404
63,10.753,929.974,0.969599,0.944259,0.992601,929.974,0.958823
62,10.7978,926.115,0.969914,0.945946,0.99269,926.115,0.961485
61,10.843,922.257,0.969712,0.945744,0.992768,922.257,0.961378
60,10.8885,918.398,0.969793,0.947215,0.992831,918.398,0.957789
59,10.9345,914.539,0.970254,0.948826,0.992887,914.539,0.959077
58,10.9808,910.68,0.97105,0.95083,0.992923,910.68,0.961172
57,11.0275,906.821,0.97112,0.952641,0.99295,906.821,0.963452
56,11.0746,902.963,0.970062,0.953521,0.992951,902.963,0.964708
55,11.1222,899.104,0.971239,0.955428,0.992937,899.104,0.963583
54,11.1701,895.245,0.971442,0.955853,0.992897,895.245,0.965713
53,11.2185,891.386,0.969844,0.958893,0.992838,891.386,0.966578
52,11.2672,887.527,0.971999,0.95957,0.99275,887.527,0.964253
51,11.3164,883.669,0.971775,0.961001,0.992642,883.669,0.964056
50,11.3661,879.81,0.971932,0.961345,0.992513,879.81,0.967399
49,11.4162,875.951,0.971828,0.962651,0.992354,875.951,0.967682
48,11.4667,872.092,0.971349,0.964266,0.992177,872.092,0.968903
47,11.5176,868.233,0.971442,0.963436,0.991968,868.233,0.968749
46,11.569,864.374,0.971999,0.96446,0.991731,864.374,0.971611
45,11.6209,860.516,0.971471,0.968846,0.991468,860.516,0.971902
44,11.6733,856.657,0.972207,0.967879,0.991163,856.657,0.972056
43,11.7261,852.798,0.973912,0.968206,0.990818,852.798,0.972995
42,11.7794,848.939,0.972463,0.97148,0.990434,848.939,0.97105
41,11.8332,845.08,0.973044,0.972734,0.990012,845.08,0.975858
40,11.8875,841.222,0.973886,0.97355,0.989537,841.222,0.978918
39,11.9422,837.363,0.973285,0.975251,0.989008,837.363,0.97726
38,11.9975,833.504,0.97371,0.975561,0.988435,833.504,0.98176
37,12.0533,829.645,0.973077,0.978042,0.987814,829.645,0.982151
36,12.1097,825.786,0.972599,0.978951,0.987139,825.786,0.981744
35,12.1665,821.927,0.973608,0.981629,0.986433,821.927,0.981257
34,12.2239,818.069,0.973268,0.97973,0.985691,818.069,0.988638
33,12.2818,814.21,0.97264,0.980358,0.984925,814.21,0.988422
32,12.3403,810.351,0.972732,0.98232,0.984135,810.351,0.993623
31,12.3994,806.492,0.972397,0.982834,0.983328,806.492,0.981517
30,12.459,802.633,0.971336,0.980054,0.982524,802.633,0.967423
29,12.5192,798.775,0.971984,0.978156,0.98172,798.775,0.959671
28,12.5799,794.916,0.973585,0.978525,0.980921,794.916,0.954565
27,12.6413,791.057,0.972811,0.977966,0.980124,791.057,0.955364
26,12.7033,787.198,0.973772,0.976157,0.979331,787.198,0.95319
25,12.7658,783.339,0.972709,0.975065,0.978539,783.339,0.947112
24,12.829,779.48,0.972507,0.975897,0.977748,779.48,0.939739
23,12.8929,775.622,0.972859,0.97285,0.976951,775.622,0.940332
22,12.9573,771.763,0.973287,0.974911,0.976145,771.763,0.94468
21,13.0224,767.904,0.972467,0.974112,0.975321,767.904,0.949052
20,13.0882,764.045,0.973485,0.976637,0.974483,764.045,0.951206
19,13.1547,760.186,0.973797,0.974034,0.973628,760.186,0.954162
18,13.2218,756.328,0.974443,0.974577,0.972755,756.328,0.959679
17,13.2896,752.469,0.973007,0.975928,0.971873,752.469,0.968567
16,13.3581,748.61,0.973089,0.97523,0.971004,748.61,0.972335
15,13.4273,744.751,0.971772,0.976171,0.970144,744.751,0.969551
14,13.4972,740.892,0.972386,0.976827,0.969304,740.892,0.972823
13,13.5679,737.033,0.97245,0.974822,0.968476,737.033,0.977132
12,13.6393,733.175,0.974574,0.97668,0.967651,733.175,0.979717
11,13.7115,729.316,0.971533,0.97601,0.966838,729.316,0.979793
10,13.7844,725.457,0.972774,0.978155,0.966039,725.457,0.980885
9,13.8581,721.598,0.972855,0.976457,0.965265,721.598,0.978865
8,13.9326,717.739,0.97368,0.982274,0.964528,717.739,0.986147
7,14.0079,713.881,0.973051,0.981619,0.963829,713.881,0.982565
6,14.0841,710.022,0.973456,0.977683,0.963143,710.022,0.985176
5,14.161,706.163,0.972621,0.979824,0.96246,706.163,0.988489
4,14.2388,702.304,0.975639,0.979622,0.961771,702.304,0.981076
3,14.3175,698.445,0.974131,0.979524,0.961102,698.445,0.986385
2,14.397,694.587,0.975169,0.976188,0.960436,694.587,0.982283
1,14.4775,690.728,0.974855,0.975476,0.959794,690.728,0.984235
0,14.5588,686.869,0.973462,0.977953,0.959163,686.869,0.981849
